usos_code,symbol,language,level,module,type,title,teacher,time
6420-00H30-0SA-0197,013/Z/23/24,angielski,B2+,,Biznesowy,"Język angielski w biznesie - umiejętności językowe potrzebne do efektywnego funkcjonowania w pracy
English at work - developing language skills necessary to function effectively at work


Rekomendowany dla studentów z oceną z egzaminu B2: 3,5 - 5
RECOMMENDATION related to the B2 ACERT examination grade 3,5 - 5
więcej/details",mgr Pawłowska Anita,"poniedziałek/Monday
10:15-11:45"
6420-00H30-0SA-0196,012/Z/23/24,angielski,B2+,,Biznesowy,"Jezyk angielski w środowisku zawodowym
English in professional environment

więcej/details",mgr Soczówka Anna,"poniedziałek/Monday
10:15-11:45"
6420-00H30-0SA-0020,064/Z/23/24,angielski,C1,M14,Ogólny,"Język angielski, poziom C1, część A (M14)
General English Course, Level C1, part A (Module M14)


Rekomendowany dla studentów z oceną z egzaminu B2: 4,0 - 5
RECOMMENDATION related to the B2 ACERT examination grade 4,0 - 5
więcej/details",mgr Stankiewicz Adam,"poniedziałek/Monday
10:15-11:45"
6420-00H30-0SA-0017,082/Z/23/24,angielski,C1,M15,Ogólny,"Język angielski, poziom C1, część B (M15)
General English Course, Level C1, part B (Module M15)


Rekomendowany dla studentów z oceną z egzaminu B2: 4,0 - 5
RECOMMENDATION related to the B2 ACERT examination grade 4,0 - 5
więcej/details",mgr Szadkowska Barbara,"poniedziałek/Monday
12:15-13:45"
6420-00H30-0SA-0020,065/Z/23/24,angielski,C1,M14,Ogólny,"Język angielski, poziom C1, część A (M14)
General English Course, Level C1, part A (Module M14)


Rekomendowany dla studentów z oceną z egzaminu B2: 4,0 - 5
RECOMMENDATION related to the B2 ACERT examination grade 4,0 - 5
więcej/details",mgr Januszewska Aleksandra,"poniedziałek/Monday
12:15-13:45"
6420-00H30-0SA-0196,041/Z/23/24,angielski,B2+,,Biznesowy,"Jezyk angielski w środowisku zawodowym
English in professional environment

więcej/details",mgr Soczówka Anna,"poniedziałek/Monday
12:15-13:45"
6420-00H30-0SA-0017,128/Z/23/24,angielski,C1,M15,Ogólny,"Język angielski, poziom C1, część B (M15)
General English Course, Level C1, part B (Module M15)


Rekomendowany dla studentów z oceną z egzaminu B2: 4,0 - 5
RECOMMENDATION related to the B2 ACERT examination grade 4,0 - 5
więcej/details",mgr Chromińska Dorota,"poniedziałek/Monday
14:15-15:45"
6420-00H30-0SA-0017,094/Z/23/24,angielski,C1,M15,Ogólny,"Język angielski, poziom C1, część B (M15)
General English Course, Level C1, part B (Module M15)


Rekomendowany dla studentów z oceną z egzaminu B2: 4,0 - 5
RECOMMENDATION related to the B2 ACERT examination grade 4,0 - 5
więcej/details",mgr Smarzyk Katarzyna,"wtorek/Tuesday
08:30-10:00"
6420-00H30-0SA-0285,035/Z/23/24,angielski,C1,,Konwersacje,"Język angielski - debaty oksfordzkie, poziom C1
C1 English - Oxford debates


Rekomendowany dla studentów z oceną z egzaminu B2: 4,0 - 5
RECOMMENDATION related to the B2 ACERT examination grade 4,0 - 5
więcej/details",mgr Król Anna,"wtorek/Tuesday
08:30-10:00"
6420-00H30-0SA-0288,029/Z/23/24,angielski,C2,,Konwersacje,"Język angielski: umiejętności na poziomie C2 Częsć 1
English proficiency skills Part 1


Rekomendowany dla studentów z oceną z egzaminu B2: 4,0 - 5
RECOMMENDATION related to the B2 ACERT examination grade 4,0 - 5
więcej/details",Dunn Brian,"wtorek/Tuesday
08:30-10:00"
6420-00H30-0SA-0018,096/Z/23/24,angielski,C1,M16,Ogólny,"Język angielski, poziom C1, część C (M16)
General English Course, Level C1, part C (Module M16)


Rekomendowany dla studentów z oceną z egzaminu B2: 4,0 - 5
RECOMMENDATION related to the B2 ACERT examination grade 4,0 - 5
więcej/details",mgr Kaliszewska Katarzyna,"wtorek/Tuesday
10:15-11:45"
6420-00H30-0SA-0290,047/Z/23/24,angielski,C2,,Konwersacje,"Język angielski: umięjetności na pozomie C2 Częsć 2
English Proficiency skills Part 2


Rekomendowany dla studentów z oceną z egzaminu B2: 4,0 - 5
RECOMMENDATION related to the B2 ACERT examination grade 4,0 - 5
więcej/details",Dunn Brian,"wtorek/Tuesday
10:15-11:45"
6420-00H30-0SA-0017,095/Z/23/24,angielski,C1,M15,Ogólny,"Język angielski, poziom C1, część B (M15)
General English Course, Level C1, part B (Module M15)


Rekomendowany dla studentów z oceną z egzaminu B2: 4,0 - 5
RECOMMENDATION related to the B2 ACERT examination grade 4,0 - 5
więcej/details",mgr Smarzyk Katarzyna,"wtorek/Tuesday
10:15-11:45"
6420-00H30-0SA-0282,036/Z/23/24,angielski,B2+,,Popularno-naukowy,"Język angielski w automatyce
English for Control Engineering


Rekomendowany dla studentów z oceną z egzaminu B2: 4,0 - 5
RECOMMENDATION related to the B2 ACERT examination grade 4,0 - 5
więcej/details",mgr Witczak Małgorzata,"wtorek/Tuesday
10:30-12:00"
6420-00H30-0SA-0017,089/Z/23/24,angielski,C1,M15,Ogólny,"Język angielski, poziom C1, część B (M15)
General English Course, Level C1, part B (Module M15)


Rekomendowany dla studentów z oceną z egzaminu B2: 4,0 - 5
RECOMMENDATION related to the B2 ACERT examination grade 4,0 - 5
więcej/details",mgr Dunn Aneta,"wtorek/Tuesday
12:15-13:45"
6420-00H30-0SA-0020,066/Z/23/24,angielski,C1,M14,Ogólny,"Język angielski, poziom C1, część A (M14)
General English Course, Level C1, part A (Module M14)


Rekomendowany dla studentów z oceną z egzaminu B2: 4,0 - 5
RECOMMENDATION related to the B2 ACERT examination grade 4,0 - 5
więcej/details",mgr Szandomirski Jan,"wtorek/Tuesday
12:15-13:45"
6420-00H30-0SA-0020,124/Z/23/24,angielski,C1,M14,Ogólny,"Język angielski, poziom C1, część A (M14)
General English Course, Level C1, part A (Module M14)


Rekomendowany dla studentów z oceną z egzaminu B2: 4,0 - 5
RECOMMENDATION related to the B2 ACERT examination grade 4,0 - 5
więcej/details",mgr Żmijewska Dorota,"wtorek/Tuesday
12:15-13:45"
6420-00H30-0SA-0215,045/Z/23/24,angielski,B2+,,Biznesowy,"Język angielski dla inżynierów w środowisku pracy w Polsce i za granicą
English for engineers in a working environment in Poland and abroad

więcej/details",mgr Wesołowska Katarzyna,"wtorek/Tuesday
14:15-15:45"
6420-00H30-0SA-0313,112/Z/23/24,angielski,C1+,,Konwersacje,"Konwersacje na poziomie C1/C2 z elementami pracy projektowej
Project-based conversations - C1/C2 level


Język angielski na poziomie co najmniej C1
więcej/details",mgr Urbanowska Magdalena,"środa/Wednesday
08:30-10:00"
6420-00H30-0SA-0020,073/Z/23/24,angielski,C1,M14,Ogólny,"Język angielski, poziom C1, część A (M14)
General English Course, Level C1, part A (Module M14)


Rekomendowany dla studentów z oceną z egzaminu B2: 4,0 - 5
RECOMMENDATION related to the B2 ACERT examination grade 4,0 - 5
więcej/details",mgr Furyk Ewa,"środa/Wednesday
08:30-10:00"
6420-00H30-0SA-0158,022/Z/23/24,angielski,C1,,Konwersacje,"Język angielski konwersacje poziom C1
English Speaking Practice level C1


Rekomendowany dla studentów z oceną z egzaminu B2: 4,5 - 5
RECOMMENDATION related to the B2 ACERT examination grade 4,5 - 5
więcej/details",mgr Furyk Ewa,"środa/Wednesday
10:15-11:45"
6420-00H30-0SA-0018,098/Z/23/24,angielski,C1,M16,Ogólny,"Język angielski, poziom C1, część C (M16)
General English Course, Level C1, part C (Module M16)


Rekomendowany dla studentów z oceną z egzaminu B2: 4,0 - 5
RECOMMENDATION related to the B2 ACERT examination grade 4,0 - 5
więcej/details",mgr Urbanowska Magdalena,"środa/Wednesday
10:15-11:45"
6420-00H30-0SA-0289,010/Z/23/24,angielski,B2+,,Konwersacje,"Język angielski: Porozmawiajmy o nauce nienaukowo
English: Let's talk about popular science.


Rekomendowany dla studentów z oceną z egzaminu B2: 3,5 - 5
RECOMMENDATION related to the B2 ACERT examination grade 3,5 - 5
więcej/details",mgr Słomczyńska Małgorzata,"środa/Wednesday
10:15-11:45"
6420-00H30-0SA-0017,083/Z/23/24,angielski,C1,M15,Ogólny,"Język angielski, poziom C1, część B (M15)
General English Course, Level C1, part B (Module M15)


Rekomendowany dla studentów z oceną z egzaminu B2: 4,0 - 5
RECOMMENDATION related to the B2 ACERT examination grade 4,0 - 5
więcej/details",mgr Szadkowska Barbara,"środa/Wednesday
10:15-11:45"
6420-00H30-0SA-0291,021/Z/23/24,angielski,B2+,,Konwersacje,"Język angielski: Konwersacje - wgląd w pogląd
English: Conversational class - inquiry into attitudes


Rekomendowany dla studentów z oceną z egzaminu B2: 4,0 - 5
RECOMMENDATION related to the B2 ACERT examination grade 4,0 - 5
więcej/details",mgr Panasiuk Julia,"środa/Wednesday
10:20-11:50"
6420-00H30-0SA-0020,074/Z/23/24,angielski,C1,M14,Ogólny,"Język angielski, poziom C1, część A (M14)
General English Course, Level C1, part A (Module M14)


Rekomendowany dla studentów z oceną z egzaminu B2: 4,0 - 5
RECOMMENDATION related to the B2 ACERT examination grade 4,0 - 5
więcej/details",mgr Potts Magdalena,"środa/Wednesday
12:15-13:45"
6420-00H30-0SA-0138,054/Z/23/24,angielski,C1,,Konwersacje,"Język angielski: konwersacje i doskonalenie słownictwa, Poziom C1
English Speaking and Vocabulary Practice, level C1

więcej/details",mgr Kopryna Ewa,"środa/Wednesday
12:15-13:45"
6420-00H30-0SA-0020,067/Z/23/24,angielski,C1,M14,Ogólny,"Język angielski, poziom C1, część A (M14)
General English Course, Level C1, part A (Module M14)


Rekomendowany dla studentów z oceną z egzaminu B2: 4,0 - 5
RECOMMENDATION related to the B2 ACERT examination grade 4,0 - 5
więcej/details",mgr Stankiewicz Adam,"środa/Wednesday
12:15-13:45"
6420-00H30-0SA-0191,005/Z/23/24,angielski,B2+,,Biznesowy,"Język angielski w biznesie, część B
Business English, part B


Rekomendowany dla studentów z oceną z egzaminu B2: 4,0 - 5
RECOMMENDATION related to the B2 ACERT examination grade 4,0 - 5
więcej/details",mgr Chromińska Dorota,"środa/Wednesday
14:15-15:45"
6420-00H30-0SA-0020,068/Z/23/24,angielski,C1,M14,Ogólny,"Język angielski, poziom C1, część A (M14)
General English Course, Level C1, part A (Module M14)


Rekomendowany dla studentów z oceną z egzaminu B2: 4,0 - 5
RECOMMENDATION related to the B2 ACERT examination grade 4,0 - 5
więcej/details",mgr inż. Malinowska Anna,"czwartek/Thursday
08:30-10:00"
6420-00H30-0SA-0020,126/Z/23/24,angielski,C1,M14,Ogólny,"Język angielski, poziom C1, część A (M14)
General English Course, Level C1, part A (Module M14)


Rekomendowany dla studentów z oceną z egzaminu B2: 4,0 - 5
RECOMMENDATION related to the B2 ACERT examination grade 4,0 - 5
więcej/details",mgr Soczówka Anna,"czwartek/Thursday
08:30-10:00"
6420-00H30-0SA-0020,076/Z/23/24,angielski,C1,M14,Ogólny,"Język angielski, poziom C1, część A (M14)
General English Course, Level C1, part A (Module M14)


Rekomendowany dla studentów z oceną z egzaminu B2: 4,0 - 5
RECOMMENDATION related to the B2 ACERT examination grade 4,0 - 5
więcej/details",mgr Słomczyńska Małgorzata,"czwartek/Thursday
10:15-11:45"
6420-00H30-0SA-0020,127/Z/23/24,angielski,C1,M14,Ogólny,"Język angielski, poziom C1, część A (M14)
General English Course, Level C1, part A (Module M14)


Rekomendowany dla studentów z oceną z egzaminu B2: 4,0 - 5
RECOMMENDATION related to the B2 ACERT examination grade 4,0 - 5
więcej/details",mgr Szymańska Joanna,"czwartek/Thursday
10:15-11:45"
6420-00H30-0SA-0139,107/Z/23/24,angielski,C2,,Akademicki,"Język angielski - przygotowanie do CPE, część C
CPE exam preparation, part C


zdany egzamin na poziomie C1 lub co najmniej 120 godz zajęć na tym poziomie
więcej/details",mgr Przybyła Bożena,"czwartek/Thursday
10:15-11:45"
6420-00H30-0SA-0216,014/Z/23/24,angielski,B2+,,Konwersacje,"Język angielski: Kultura Francji i Hiszpanii
English: French and Spanish Culture


Rekomendowany dla studentów z oceną z egzaminu B2: 3,5 - 5
RECOMMENDATION related to the B2 ACERT examination grade 3,5 - 5
więcej/details",mgr Słomczyńska Małgorzata,"czwartek/Thursday
12:15-13:45"
6420-00H30-0SA-0196,042/Z/23/24,angielski,B2+,,Biznesowy,"Jezyk angielski w środowisku zawodowym
English in professional environment

więcej/details",mgr Soczówka Anna,"czwartek/Thursday
12:15-13:45"
6420-00H30-0SA-0213,016/Z/23/24,angielski,B2+,,Popularno-naukowy,"Język angielski dla Gospodarki Przestrzennej
Professional English for Spatial Planning

więcej/details",mgr Potts Magdalena,"piątek/Friday
08:30-10:00"
6420-00H30-0SA-0139,108/Z/23/24,angielski,C2,,Akademicki,"Język angielski - przygotowanie do CPE, część C
CPE exam preparation, part C


zdany egzamin na poziomie C1 lub co najmniej 120 godz zajęć na tym poziomie
więcej/details",mgr Przybyła Bożena,"piątek/Friday
08:30-10:00"
6420-00H30-0SA-0018,099/Z/23/24,angielski,C1,M16,Ogólny,"Język angielski, poziom C1, część C (M16)
General English Course, Level C1, part C (Module M16)


Rekomendowany dla studentów z oceną z egzaminu B2: 4,0 - 5
RECOMMENDATION related to the B2 ACERT examination grade 4,0 - 5
więcej/details",mgr Mirowska Joanna,"piątek/Friday
10:15-11:45"
6420-00H30-0SA-0151,009/Z/23/24,angielski,C1,,Popularno-naukowy,"Język angielski: odkrycia naukowe i wynalazki w mediach
Scientific discoveries and inventions presented in the media


Rekomendowany dla studentów z oceną z egzaminu B2: 3,5 - 5
RECOMMENDATION related to the B2 ACERT examination grade 3,5 - 5
więcej/details",mgr Wieczorek Małgorzata,"piątek/Friday
10:15-11:45"
6420-00H30-0SA-0139,109/Z/23/24,angielski,C2,,Akademicki,"Język angielski - przygotowanie do CPE, część C
CPE exam preparation, part C


zdany egzamin na poziomie C1 lub co najmniej 120 godz zajęć na tym poziomie
więcej/details",mgr Przybyła Bożena,"piątek/Friday
10:15-11:45"
6420-00H30-0SA-0219,018/Z/23/24,angielski,B2+,,Biznesowy,"Język angielski w zarządzaniu
English for Management


Rekomendowany dla studentów z oceną z egzaminu B2: 3,5 - 5
RECOMMENDATION related to the B2 ACERT examination grade 3,5 - 5
więcej/details",mgr Pawłowska Anita,"piątek/Friday
10:15-11:45"
6420-00H30-0SA-0277,102/Z/23/24,angielski,B2+,,Popularno-naukowy,"Język angielski w nauce o Ochronie Środowiska i Inżynierii
English in Enviromental Sciences and Engineering

więcej/details",mgr Wujec Małgorzata,"piątek/Friday
12:15-13:45"
6420-00H30-0SA-0288,031/Z/23/24,angielski,C2,,Konwersacje,"Język angielski: umięjetności na pozomie C2 Częsć 1
English proficiency skills Part 1


Rekomendowany dla studentów z oceną z egzaminu B2: 4,0 - 5
RECOMMENDATION related to the B2 ACERT examination grade 4,0 - 5
więcej/details",Dunn Brian,"piątek/Friday
12:15-13:45"
6420-00H30-0SA-0309,027/Z/23/24,angielski,C2,,Konwersacje,"Język angielski: Konwersacje i debaty po angielsku, poz. C2
C2 English: Conversations and Debates


C1 certification (or higher) required
więcej/details",mgr Scieński Jan,"poniedziałek/Monday
10:15-11:45"
6420-00H30-0SA-0309,051/Z/23/24,angielski,C2,,Konwersacje,"Język angielski: Konwersacje i debaty po angielsku, poz. C2
C2 English: Conversations and Debates


C1 certification (or higher) required
więcej/details",mgr Scieński Jan,"wtorek/Tuesday
08:15-09:45"
6420-00H30-0SA-0185,050/Z/23/24,angielski,B2+,,Popularno-naukowy,"Język angielski: Budowa samochodów i maszyn roboczych
Professional English. Cars and Construction Machinery

więcej/details",mgr Teodorowicz Jerzy,"wtorek/Tuesday
10:15-11:45"
6420-00H30-0SA-0020,079/Z/23/24,angielski,C1,M14,Ogólny,"Język angielski, poziom C1, część A (M14)
General English Course, Level C1, part A (Module M14)


Rekomendowany dla studentów z oceną z egzaminu B2: 4,0 - 5
RECOMMENDATION related to the B2 ACERT examination grade 4,0 - 5
więcej/details",dr Filipowicz Aleksandra,"wtorek/Tuesday
10:15-11:45"
6420-00H30-0SA-0309,062/Z/23/24,angielski,C2,,Konwersacje,"Język angielski: Konwersacje i debaty po angielsku, poz. C2
C2 English: Conversations and Debates


C1 certification (or higher) required
więcej/details",mgr Scieński Jan,"wtorek/Tuesday
12:15-13:45"
6420-00H30-0SA-0020,081/Z/23/24,angielski,C1,M14,Ogólny,"Język angielski, poziom C1, część A (M14)
General English Course, Level C1, part A (Module M14)


Rekomendowany dla studentów z oceną z egzaminu B2: 4,0 - 5
RECOMMENDATION related to the B2 ACERT examination grade 4,0 - 5
więcej/details",mgr Burzec Beata,"środa/Wednesday
10:15-11:45"
6420-00H30-0SA-0034,001/Z/23/24,angielski,B2+,,Popularno-naukowy,"Język angielski w motoryzacji
Professional English for Automotive Industry


Rekomendowany dla studentów z oceną z egzaminu B2: 4,0 - 5
RECOMMENDATION related to the B2 ACERT examination grade 4,0 - 5
więcej/details",dr Filipowicz Aleksandra,"czwartek/Thursday
08:20-09:50"
6420-00H30-0SA-0196,061/Z/23/24,angielski,B2+,,Biznesowy,"Język angielski w środowisku zawodowym
Business English for Work Environment


Rekomendowany dla studentów z oceną z egzaminu B2: 4,0 - 5
RECOMMENDATION related to the B2 ACERT examination grade 4,0 - 5
więcej/details",mgr Burzec Beata,"czwartek/Thursday
10:15-11:45"
6420-00H30-0SA-0282,123/Z/23/24,angielski,B2+,,Popularno-naukowy,"Język angielski w automatyce
English for Control Engineering


Rekomendowany dla studentów z oceną z egzaminu B2: 3,0 - 5
RECOMMENDATION related to the B2 ACERT examination grade 3,0 - 5
więcej/details",mgr Lokwenc Magdalena,"piątek/Friday
08:30-10:00"
6420-00H30-0SA-0283,033/Z/23/24,angielski,B2+,,Popularno-naukowy,"Język angielski w robotyce
English for Robotics

więcej/details",mgr Lokwenc Magdalena,"piątek/Friday
10:15-11:45"
6420-00H30-0SA-0030,002/Z/23/24,angielski,C1,,Biznesowy,"Język angielski w biznesie
Business English


Rekomendowany dla studentów z oceną z egzaminu B2: 4,0 - 5
RECOMMENDATION related to the B2 ACERT examination grade 4,0 - 5
więcej/details",mgr Smarzyk Katarzyna,"piątek/Friday
10:15-11:45"
6420-00H30-0SA-0279,044/Z/23/24,angielski,C1+,,Biznesowy,"Język angielski: Inżynier w świecie biznesu
English: An engineer facing the world of business


Rekomendowany dla studentów z oceną z egzaminu B2: 4,0 - 5
RECOMMENDATION related to the B2 ACERT examination grade 4,0 - 5
więcej/details",mgr Feliński Adam,"piątek/Friday
12:15-13:45"
6420-00H30-0SA-0020,072/Z/23/24,angielski,C1,M14,Ogólny,"Język angielski, poziom C1, część A (M14)
General English Course, Level C1, part A (Module M14)


Rekomendowany dla studentów z oceną z egzaminu B2: 4,0 - 5
RECOMMENDATION related to the B2 ACERT examination grade 4,0 - 5
więcej/details",mgr Zabrocka Anna,"poniedziałek/Monday
10:15-11:45"
6420-00H30-0SA-0017,088/Z/23/24,angielski,C1,M15,Ogólny,"Język angielski, poziom C1, część B (M15)
General English Course, Level C1, part B (Module M15)


Rekomendowany dla studentów z oceną z egzaminu B2: 4,0 - 5
RECOMMENDATION related to the B2 ACERT examination grade 4,0 - 5
więcej/details",mgr Pisarek Agnieszka,"poniedziałek/Monday
10:15-11:45"
6420-00H30-0SA-0313,111/Z/23/24,angielski,C1+,,Konwersacje,"Konwersacje na poziomie C1/C2 z elementami pracy projektowej
Project-based conversations - C1/C2 level


Język angielski na poziomie co najmniej C1
więcej/details",mgr Urbanowska Magdalena,"poniedziałek/Monday
12:15-13:45"
6420-00H30-0SA-0197,011/Z/23/24,angielski,B2+,,Biznesowy,"Język angielski w biznesie - umiejętności językowe potrzebne do efektywnego funkcjonowania w pracy
English at work - developing language skills necessary to function effectively at work


Rekomendowany dla studentów z oceną z egzaminu B2: 3,5 - 5
RECOMMENDATION related to the B2 ACERT examination grade 3,5 - 5
więcej/details",mgr Pawłowska Anita,"poniedziałek/Monday
12:15-13:45"
6420-00H30-0SA-0302,060/Z/23/24,angielski,C1,,Biznesowy,"Język angielski i umiejętności miękkie
English and Soft Skills


Rekomendowany dla studentów z oceną z egzaminu B2: 4,5 - 5
RECOMMENDATION related to the B2 ACERT examination grade 4,5 - 5
więcej/details",mgr Furyk Ewa,"poniedziałek/Monday
12:15-13:45"
6420-00H30-0SA-0018,097/Z/23/24,angielski,C1,M16,Ogólny,"Język angielski, poziom C1, część C (M16)
General English Course, Level C1, part C (Module M16)


Rekomendowany dla studentów z oceną z egzaminu B2: 4,0 - 5
RECOMMENDATION related to the B2 ACERT examination grade 4,0 - 5
więcej/details",mgr Urbanowska Magdalena,"poniedziałek/Monday
14:15-15:45"
6420-00H30-0SA-0225,113/Z/23/24,angielski,C1,,Popularno-naukowy,"Język angielski dla Biotechnologii
English for Biotechnology


Rekomendowany dla studentów z oceną z egzaminu B2: 4,0 - 5
RECOMMENDATION related to the B2 ACERT examination grade 4,0 - 5
więcej/details",mgr Kaliszewska Katarzyna,"wtorek/Tuesday
08:30-10:00"
6420-00H30-0SA-0298,020/Z/23/24,angielski,B2+,,Popularno-naukowy,"Język angielski: Kosmos - fizyka i chemia przestrzeni kosmicznej CZĘŚĆ A
English: Cosmos – physics and chemistry of space PART A


Rekomendowany dla studentów z oceną z egzaminu B2: 3,5 - 5
RECOMMENDATION related to the B2 ACERT examination grade 3,5 - 5
więcej/details",mgr Szymańska Joanna,"wtorek/Tuesday
08:30-10:00"
6420-00H30-0SA-0214,032/Z/23/24,angielski,B2+,,Akademicki,"Język angielski dla inżyniera w środowisku pracy
English for an engineer in a workplace

więcej/details",mgr Dunn Aneta,"wtorek/Tuesday
08:30-10:00"
6420-00H30-0SA-0264,019/Z/23/24,angielski,B2+,,Popularno-naukowy,"Język angielski w Technologii 4.0
Professional English for Industry 4.0

więcej/details",mgr Wesołowska Katarzyna,"wtorek/Tuesday
10:15-11:45"
6420-00H30-0SA-0272,116/Z/23/24,angielski,B2+,,Konwersacje,"Język angielski: EXPANDER - kolokacje w języku angielskim
English: EXPANDER - English collocations

więcej/details",mgr Żmijewska Dorota,"wtorek/Tuesday
10:15-11:45"
6420-00H30-0SA-0139,106/Z/23/24,angielski,C2,,Akademicki,"Język angielski - przygotowanie do CPE, część C
CPE exam preparation, part C


zdany egzamin na poziomie C1 lub co najmniej 120 godz zajęć na tym poziomie
więcej/details",mgr Przybyła Bożena,"wtorek/Tuesday
10:15-11:45"
6420-00H30-0SA-0017,084/Z/23/24,angielski,C1,M15,Ogólny,"Język angielski, poziom C1, część B (M15)
General English Course, Level C1, part B (Module M15)


Rekomendowany dla studentów z oceną z egzaminu B2: 4,0 - 5
RECOMMENDATION related to the B2 ACERT examination grade 4,0 - 5
więcej/details",mgr Wujec Małgorzata,"wtorek/Tuesday
10:15-11:45"
6420-00H30-0SA-0143,039/Z/23/24,angielski,B2+,,Popularno-naukowy,"Język angielski w transporcie i logistyce
Professional English for Transport and Logistics


Rekomendowany dla studentów z oceną z egzaminu B2: 4,0 - 5
RECOMMENDATION related to the B2 ACERT examination grade 4,0 - 5
więcej/details",mgr inż. Malinowska Anna,"wtorek/Tuesday
12:05-13:35"
6420-00H30-0SA-0308,110/Z/23/24,angielski,C1,,Konwersacje,"Nowoczesne technologie - zajęcia konwersacyjne
Modern technologies - a conversation class

więcej/details",mgr Przybyła Bożena,"wtorek/Tuesday
12:15-13:45"
6420-00H30-0SA-0017,085/Z/23/24,angielski,C1,M15,Ogólny,"Język angielski, poziom C1, część B (M15)
General English Course, Level C1, part B (Module M15)


Rekomendowany dla studentów z oceną z egzaminu B2: 4,0 - 5
RECOMMENDATION related to the B2 ACERT examination grade 4,0 - 5
więcej/details",mgr Wujec Małgorzata,"wtorek/Tuesday
12:15-13:45"
6420-00H30-0SA-0264,043/Z/23/24,angielski,B2+,,Popularno-naukowy,"Język angielski w Technologii 4.0
Professional English for Industry 4.0

więcej/details",mgr Wesołowska Katarzyna,"wtorek/Tuesday
12:15-13:45"
6420-00H30-0SA-0020,125/Z/23/24,angielski,C1,M14,Ogólny,"Język angielski, poziom C1, część A (M14)
General English Course, Level C1, part A (Module M14)


Rekomendowany dla studentów z oceną z egzaminu B2: 4,0 - 5
RECOMMENDATION related to the B2 ACERT examination grade 4,0 - 5
więcej/details",mgr Urbanowska Magdalena,"wtorek/Tuesday
14:15-15:45"
6420-00H30-0SA-0017,086/Z/23/24,angielski,C1,M15,Ogólny,"Język angielski, poziom C1, część B (M15)
General English Course, Level C1, part B (Module M15)


Rekomendowany dla studentów z oceną z egzaminu B2: 4,0 - 5
RECOMMENDATION related to the B2 ACERT examination grade 4,0 - 5
więcej/details",mgr Król Anna,"środa/Wednesday
08:30-10:00"
6420-00H30-0SA-0300,056/Z/23/24,angielski,C2,,Biznesowy,"Język angielski dla kandydatów do pracy
English for Careers

więcej/details",mgr Główczyński Marek,"środa/Wednesday
10:15-11:45"
6420-00H30-0SA-0272,023/Z/23/24,angielski,B2+,,Konwersacje,"Język angielski: EXPANDER - kolokacje w języku angielskim
English: EXPANDER - English collocations

więcej/details",mgr Żmijewska Dorota,"środa/Wednesday
10:15-11:45"
6420-00H60-0SA-0060,121/Z/23/24,angielski,C1,,Akademicki,"Język angielski dla architektów
Professional English for Architects


Rekomendowany dla studentów z oceną z egzaminu B2: 4,0 - 5
RECOMMENDATION related to the B2 ACERT examination grade 4,0 - 5
więcej/details",mgr Wojtaś Anna,"środa/Wednesday
10:15-11:45


piątek / Friday
08:30-10:00"
6420-00H30-0SA-0052,008/Z/23/24,angielski,B2+,,Konwersacje,"Język angielski w internecie
English on the Internet

więcej/details",mgr Wieczorek Małgorzata,"środa/Wednesday
10:15-11:45"
6420-00H30-0SA-0274,024/Z/23/24,angielski,C1,,Ogólny,"Język angielski: warsztaty z wymowy i płynności wypowiedzi
English Fluency and Pronunciation Workshop


Rekomendowany dla studentów z oceną z egzaminu B2: 4,0 - 5
RECOMMENDATION related to the B2 ACERT examination grade 4,0 - 5
więcej/details",mgr Kwieciński Marcin,"środa/Wednesday
10:15-11:45"
6420-00H30-0SA-0164,006/Z/23/24,angielski,B2+,,Biznesowy,"Język angielski w biznesie, część A
Business English, part A


Rekomendowany dla studentów z oceną z egzaminu B2: 4,0 - 5
RECOMMENDATION related to the B2 ACERT examination grade 4,0 - 5
więcej/details",mgr Chromińska Dorota,"środa/Wednesday
12:15-13:45"
6420-00H30-0SA-0020,122/Z/23/24,angielski,C1,M14,Ogólny,"Język angielski, poziom C1, część A (M14)
General English Course, Level C1, part A (Module M14)


Rekomendowany dla studentów z oceną z egzaminu B2: 4,0 - 5
RECOMMENDATION related to the B2 ACERT examination grade 4,0 - 5
więcej/details",mgr Zabrocka Anna,"środa/Wednesday
12:15-13:45"
6420-00H30-0SA-0020,075/Z/23/24,angielski,C1,M14,Ogólny,"Język angielski, poziom C1, część A (M14)
General English Course, Level C1, part A (Module M14)


Rekomendowany dla studentów z oceną z egzaminu B2: 4,0 - 5
RECOMMENDATION related to the B2 ACERT examination grade 4,0 - 5
więcej/details",mgr Wieczorek Małgorzata,"środa/Wednesday
12:15-13:45"
6420-00H30-0SA-0291,053/Z/23/24,angielski,B2+,,Konwersacje,"Język angielski: Konwersacje - wgląd w pogląd
English: Conversational class - inquiry into attitudes


Rekomendowany dla studentów z oceną z egzaminu B2: 4,0 - 5
RECOMMENDATION related to the B2 ACERT examination grade 4,0 - 5
więcej/details",mgr Panasiuk Julia,"środa/Wednesday
12:30-14:00"
6420-00H30-0SA-0308,118/Z/23/24,angielski,C1,,Konwersacje,"Nowoczesne technologie - zajęcia konwersacyjne
Modern technologies - a conversation class

więcej/details",mgr Przybyła Bożena,"czwartek/Thursday
08:30-10:00"
6420-00H30-0SA-0231,015/Z/23/24,angielski,B2+,,Popularno-naukowy,"Język angielski w inżynierii produkcji procesorów komputerowych
Professional English in Production Engineering: Production of Computer Microprocessors


Rekomendowany dla studentów z oceną z egzaminu B2: 3,5 - 5
RECOMMENDATION related to the B2 ACERT examination grade 3,5 - 5
więcej/details",mgr Szymańska Joanna,"czwartek/Thursday
08:30-10:00"
6420-00H30-0SA-0288,034/Z/23/24,angielski,C2,,Konwersacje,"Język angielski: umięjetności na pozomie C2 Częsć 1
English proficiency skills Part 1


The course is available to students who have passed the B2 exam as well as having a C1 qualification
więcej/details",Dunn Brian,"czwartek/Thursday
08:30-10:00"
6420-00H30-0SA-0237,037/Z/23/24,angielski,C1,,Popularno-naukowy,"Język angielski: Co każdy inżynier wiedzieć powinien
English: What Every Engineer Should Know


Rekomendowany dla studentów z oceną z egzaminu B2: 4,0 - 5
RECOMMENDATION related to the B2 ACERT examination grade 4,0 - 5
więcej/details",mgr Witczak Małgorzata,"czwartek/Thursday
10:15-11:45"
6420-00H30-0SA-0294,052/Z/23/24,angielski,C2,,Akademicki,"Język angielsi: Sztuka myślenia krytycznego
English: Critical Thinking Skills

więcej/details",mgr Główczyński Marek,"czwartek/Thursday
10:15-11:45"
6420-00H30-0SA-0294,057/Z/23/24,angielski,C2,,Akademicki,"Język angielski: Sztuka myślenia krytycznego
English: Critical Thinking Skills

więcej/details",mgr Główczyński Marek,"czwartek/Thursday
12:15-13:45"
6420-00H30-0SA-0312,120/Z/23/24,angielski,C1,,Popularno-naukowy,"Angielski metodą projektową w automatyce i robotyce - W poszukiwaniu innowacji
English through projects in automation and robotics – Innovation Quest


Język angielski na poziomie co najmniej B2+
więcej/details",mgr Witczak Małgorzata,"czwartek/Thursday
12:15-13:45"
6420-00H30-0SA-0017,091/Z/23/24,angielski,C1,M15,Ogólny,"Język angielski, poziom C1, część B (M15)
General English Course, Level C1, part B (Module M15)


Rekomendowany dla studentów z oceną z egzaminu B2: 4,0 - 5
RECOMMENDATION related to the B2 ACERT examination grade 4,0 - 5
więcej/details",mgr Dunn Aneta,"czwartek/Thursday
12:15-13:45"
6420-00H30-0SA-0020,070/Z/23/24,angielski,C1,M14,Ogólny,"Język angielski, poziom C1, część A (M14)
General English Course, Level C1, part A (Module M14)


Rekomendowany dla studentów z oceną z egzaminu B2: 4,0 - 5
RECOMMENDATION related to the B2 ACERT examination grade 4,0 - 5
więcej/details",mgr Bańkowska Joanna,"piątek/Friday
08:30-10:00"
6420-00H30-0SA-0290,049/Z/23/24,angielski,C2,,Konwersacje,"Język angielski: umięjetności na pozomie C2 Częsć 2
English Proficiency skills Part 2


Rekomendowany dla studentów z oceną z egzaminu B2: 4,0 - 5
RECOMMENDATION related to the B2 ACERT examination grade 4,0 - 5
więcej/details",Dunn Brian,"piątek/Friday
08:30-10:00"
6420-00H30-0SA-0020,077/Z/23/24,angielski,C1,M14,Ogólny,"Język angielski, poziom C1, część A (M14)
General English Course, Level C1, part A (Module M14)


Rekomendowany dla studentów z oceną z egzaminu B2: 4,0 - 5
RECOMMENDATION related to the B2 ACERT examination grade 4,0 - 5
więcej/details",mgr Potts Magdalena,"piątek/Friday
10:15-11:45"
6420-00H30-0SA-0020,071/Z/23/24,angielski,C1,M14,Ogólny,"Język angielski, poziom C1, część A (M14)
General English Course, Level C1, part A (Module M14)


Rekomendowany dla studentów z oceną z egzaminu B2: 4,0 - 5
RECOMMENDATION related to the B2 ACERT examination grade 4,0 - 5
więcej/details",mgr Kwieciński Marcin,"piątek/Friday
10:15-11:45"
6420-00H30-0SA-0288,030/Z/23/24,angielski,C2,,Konwersacje,"język angielski: umiejętności na poziomie C2 Częsć 1
English proficiency skills Part 1


Rekomendowany dla studentów z oceną z egzaminu B2: 4,0 - 5
RECOMMENDATION related to the B2 ACERT examination grade 4,0 - 5
więcej/details",Dunn Brian,"piątek/Friday
10:15-11:45"
6420-00H30-0SA-0017,092/Z/23/24,angielski,C1,M15,Ogólny,"Język angielski, poziom C1, część B (M15)
General English Course, Level C1, part B (Module M15)


Rekomendowany dla studentów z oceną z egzaminu B2: 4,0 - 5
RECOMMENDATION related to the B2 ACERT examination grade 4,0 - 5
więcej/details",mgr Panasiuk Julia,"piątek/Friday
10:30-12:00"
6420-00H30-0SA-0138,058/Z/23/24,angielski,C1,,Konwersacje,"Język angielski: konwersacje i doskonalenie słownictwa, Poziom C1
English Speaking and Vocabulary Practice, level C1

więcej/details",mgr Kopryna Ewa,"piątek/Friday
12:15-13:45"
6420-00H30-0SA-0309,026/Z/23/24,angielski,C2,,Konwersacje,"Język angielski: Konwersacje i debaty po angielsku, poz. C2
C2 English: Conversations and Debates


C1 certification (or higher) required
więcej/details",mgr Scieński Jan,"poniedziałek/Monday
08:30-10:00"
6420-00H30-0SA-0309,028/Z/23/24,angielski,C2,,Konwersacje,"Język angielski: Konwersacje i debaty po angielsku, poz. C2
C2 English: Conversations and Debates


C1 certification (or higher) required
więcej/details",mgr Scieński Jan,"poniedziałek/Monday
12:15-13:45"
6420-00H30-0SA-0301,059/Z/23/24,angielski,B2+,,Popularno-naukowy,"Język angielski dla inżynierów i projektantów maszyn
English for Engineers and Machine Designers


Rekomendowany dla studentów z oceną z egzaminu B2: 4,0 - 5
RECOMMENDATION related to the B2 ACERT examination grade 4,0 - 5
więcej/details",mgr Janas Ewelina,"wtorek/Tuesday
10:15-11:45"
6420-00H30-0SA-0309,046/Z/23/24,angielski,C2,,Konwersacje,"Język angielski: Konwersacje i debaty po angielsku, poz. C2
C2 English: Conversations and Debates


C1 certification (or higher) required
więcej/details",mgr Scieński Jan,"wtorek/Tuesday
10:15-11:45"
6420-00H30-0SA-0017,100/Z/23/24,angielski,C1,M15,Ogólny,"Język angielski, poziom C1, część B (M15)
General English Course, Level C1, part B (Module M15)


Rekomendowany dla studentów z oceną z egzaminu B2: 4,0 - 5
RECOMMENDATION related to the B2 ACERT examination grade 4,0 - 5
więcej/details",mgr Janota Natalia,"wtorek/Tuesday
10:15-11:45"
6420-00H30-0SA-0020,080/Z/23/24,angielski,C1,M14,Ogólny,"Język angielski, poziom C1, część A (M14)
General English Course, Level C1, part A (Module M14)


Rekomendowany dla studentów z oceną z egzaminu B2: 4,0 - 5
RECOMMENDATION related to the B2 ACERT examination grade 4,0 - 5
więcej/details",mgr Żygadło Arkadiusz,"środa/Wednesday
08:30-10:00"
6420-00H30-0SA-0243,017/Z/23/24,angielski,B2+,,Popularno-naukowy,"Język angielski w inżynierii produkcji
Professional English for Production Engineering

więcej/details",mgr Żygadło Arkadiusz,"środa/Wednesday
10:15-11:45"
6420-00H30-0SA-0286,004/Z/23/24,angielski,C1,,Konwersacje,"Język angielski: Konwersacje z języka technicznego
English with Elements of Technical Vocabulary


Rekomendowany dla studentów z oceną z egzaminu B2: 4,0 - 5
RECOMMENDATION related to the B2 ACERT examination grade 4,0 - 5
więcej/details",mgr Smarzyk Katarzyna,"czwartek/Thursday
08:20-09:50"
6420-00H30-0SA-0017,101/Z/23/24,angielski,C1,M15,Ogólny,"Język angielski, poziom C1, część B (M15)
General English Course, Level C1, part B (Module M15)


Rekomendowany dla studentów z oceną z egzaminu B2: 4,0 - 5
RECOMMENDATION related to the B2 ACERT examination grade 4,0 - 5
więcej/details",mgr Smarzyk Katarzyna,"czwartek/Thursday
10:15-11:45"
6420-00H30-0SA-0307,115/Z/23/24,angielski,B2+,,Konwersacje,"Język angielski w Debatach Naukowo-Technicznych
English in Scientific and Technical Debates


Rekomendowany dla studentów z oceną z egzaminu B2: 4,0 - 5
RECOMMENDATION related to the B2 ACERT examination grade 4,0 - 5
więcej/details",mgr Dąbrowska Anna,"piątek/Friday
10:15-11:45"
6420-00H30-0SA-0279,040/Z/23/24,angielski,C1+,,Biznesowy,"Język angielski: Inżynier w świecie biznesu
English: An engineer facing the world of business


Rekomendowany dla studentów z oceną z egzaminu B2: 4,0 - 5
RECOMMENDATION related to the B2 ACERT examination grade 4,0 - 5
więcej/details",mgr Feliński Adam,"piątek/Friday
10:15-11:45"
6420-00H30-0SA-0017,104/Z/23/24,angielski,C1,M15,Ogólny,"Język angielski, poziom C1, część B (M15)
General English Course, Level C1, part B (Module M15)


Rekomendowany dla studentów z oceną z egzaminu B2: 4,0 - 5
RECOMMENDATION related to the B2 ACERT examination grade 4,0 - 5
więcej/details",mgr Janota Natalia,"piątek/Friday
10:15-11:45"
6420-00H30-0SN-0037,105/Z/23/24,niemiecki,B2,M13/M13*,Popularno-naukowy,"Jęz. niemiecki - Zrównoważony rozwój w pracy inżyniera
German - Sustainable development in engeneer's job


Rekomendowany dla studentów z oceną z egzaminu B2: 3,0 - 5
RECOMMENDATION related to the B2 ACERT examination grade 3,0 - 5
więcej/details",mgr Tabaczyńska Ewa,"poniedziałek/Monday
12:15-13:45"
6420-00H30-0SN-0014,038/Z/23/24,niemiecki,B2,,Konwersacje,"Język niemiecki: Konwersacje B2
German Language: Speaking B2

więcej/details",mgr Jakubczyk Liv,"piątek/Friday
14:15-15:45"
6420-00H30-0SF-0015,007/Z/23/24,francuski,B2+,,Popularno-naukowy,"Język francuski dla inżynierów
Professional French for Engineering

więcej/details",dr Marchel Katarzyna,"wtorek/Tuesday
16:15-17:45"
6420-09H30-0SN-0005,N055/Z/23/24,niemiecki,B1,M9,Akademicki,"Język niemiecki, poziom B1 M9
German Language Level B1

więcej/details",mgr Morgiewicz Szymon,"poniedziałek/Monday
08:30-10:00"
6420-06H30-0SN-0003,N048/Z/23/24,niemiecki,A2,M6,Akademicki,"Język niemiecki, poziom A2 M6
German Language Level A2

więcej/details",mgr Jakubczyk Liv,"poniedziałek/Monday
10:15-11:45"
6420-04H30-0SN-0003,N040/Z/23/24,niemiecki,A2,M4,Akademicki,"Język niemiecki, poziom A2 M4
German Language Level A2

więcej/details",mgr Tabaczyńska Ewa,"poniedziałek/Monday
10:15-11:45"
6420-08H30-0SN-0005,N053/Z/23/24,niemiecki,B1,M8,Akademicki,"Język niemiecki, poziom B1 M8
German Language Level B1

więcej/details",mgr Jakubczyk Liv,"poniedziałek/Monday
12:15-13:45"
6420-02H30-0SN-0001,N023/Z/23/24,niemiecki,A1,M2,Akademicki,"Język niemiecki, poziom A1 M2
German Language Level A1

więcej/details",mgr Hołda Adam,"poniedziałek/Monday
14:15-15:45"
6420-07H30-0SN-0005,N051/Z/23/24,niemiecki,B1,M7,Akademicki,"Język niemiecki, poziom B1 M7
German Language Level B1

więcej/details",mgr Mizak-Witkowska Renata,"poniedziałek/Monday
16:15-17:45"
6420-01H30-0SN-0001,N003/Z/23/24,niemiecki,A1,M1,Akademicki,"Język niemiecki dla poczatkujących, poziom A1 M1
German Language Level A1

więcej/details",mgr Hołda Adam,"poniedziałek/Monday
16:15-17:45"
6420-05H30-0SN-0003,N045/Z/23/24,niemiecki,A2,M5,Akademicki,"Język niemiecki, poziom A2 M5
German Language Level A2

więcej/details",mgr Mizak-Witkowska Renata,"poniedziałek/Monday
18:15-19:45"
6420-01H30-0SN-0001,N004/Z/23/24,niemiecki,A1,M1,Akademicki,"Język niemiecki dla poczatkujących, poziom A1 M1
German Language Level A1

więcej/details",mgr Tabaczyńska Ewa,"wtorek/Tuesday
08:30-10:00"
6420-03H30-0SN-0001,N034/Z/23/24,niemiecki,A1,M3,Akademicki,"Język niemiecki, poziom A1 M3
German Language Level A1

więcej/details",mgr Skwarko Lucyna,"wtorek/Tuesday
10:15-11:45"
6420-07H30-0SN-0005,N061/Z/23/24,niemiecki,B1,M7,Akademicki,"Język niemiecki, poziom B1 M7
German Language Level B1

więcej/details",mgr Günthör Olga,"wtorek/Tuesday
12:15-13:45"
6420-01H30-0SN-0001,N007/Z/23/24,niemiecki,A1,M1,Akademicki,"Język niemiecki dla poczatkujących, poziom A1 M1
German Language Level A1

więcej/details",mgr Łoda Adam,"wtorek/Tuesday
14:15-15:45"
6420-03H30-0SN-0001,N035/Z/23/24,niemiecki,A1,M3,Akademicki,"Język niemiecki, poziom A1 M3
German Language Level A1

więcej/details",mgr Łoda Adam,"wtorek/Tuesday
16:15-17:45"
6420-01H30-0SN-0001,N008/Z/23/24,niemiecki,A1,M1,Akademicki,"Język niemiecki, poziom A1 M1 dla początkujących
German Language Level A1

więcej/details",mgr Mizak-Witkowska Renata,"wtorek/Tuesday
16:15-17:45"
6420-06H30-0SN-0003,N060/Z/23/24,niemiecki,A2,M6,Akademicki,"Język niemiecki, poziom A2 M6
German Language Level A2

więcej/details",mgr Jakubczyk Liv,"środa/Wednesday
08:30-10:00"
6420-03H30-0SN-0001,N036/Z/23/24,niemiecki,A1,M3,Akademicki,"Język niemiecki, poziom A1 M3
German Language Level A1

więcej/details",mgr Skwarko Lucyna,"środa/Wednesday
10:15-11:45"
6420-04H30-0SN-0003,N042/Z/23/24,niemiecki,A2,M4,Akademicki,"Język niemiecki, poziom A2 M4
German Language Level A2

więcej/details",dr Bruncz Dariusz,"środa/Wednesday
14:15-15:45"
6420-07H30-0SN-0005,N052/Z/23/24,niemiecki,B1,M7,Akademicki,"Język niemiecki, poziom B1 M7
German Language Level B1

więcej/details",mgr Morgiewicz Szymon,"środa/Wednesday
14:15-15:45"
6420-02H30-0SN-0001,N027/Z/23/24,niemiecki,A1,M2,Akademicki,"Język niemiecki, poziom A1 M2
German Language Level A1

więcej/details",mgr Tabaczyńska Ewa,"czwartek/Thursday
08:30-10:00"
6420-03H30-0SN-0001,N037/Z/23/24,niemiecki,A1,M3,Akademicki,"Język niemiecki, poziom A1 M3
German Language Level A1

więcej/details",mgr Tabaczyńska Ewa,"czwartek/Thursday
10:15-11:45"
6420-02H30-0SN-0001,N029/Z/23/24,niemiecki,A1,M2,Akademicki,"Język niemiecki, poziom A1 M2
German Language Level A1

więcej/details",mgr Tabaczyńska Ewa,"czwartek/Thursday
12:15-13:45"
6420-02H30-0SN-0001,N028/Z/23/24,niemiecki,A1,M2,Akademicki,"Język niemiecki, poziom A1 M2
German Language Level A1

więcej/details",mgr Łoda Adam,"czwartek/Thursday
12:15-13:45"
6420-01H30-0SN-0001,N013/Z/23/24,niemiecki,A1,M1,Akademicki,"Język niemiecki dla poczatkujących, poziom A1 M1
German Language Level A1

więcej/details",dr Bruncz Dariusz,"czwartek/Thursday
16:15-17:45"
6420-0AH30-0SN-0007,N057/Z/23/24,niemiecki,B2,M10,Akademicki,"Język niemiecki, poziom B2 M10
German Language Level B2

więcej/details",dr Bruncz Dariusz,"czwartek/Thursday
18:15-19:45"
6420-03H30-0SN-0001,N039/Z/23/24,niemiecki,A1,M3,Akademicki,"Język niemiecki, poziom A1 M3
German Language Level A1

więcej/details",mgr Tabaczyńska Ewa,"piątek/Friday
08:30-10:00"
6420-08H30-0SN-0005,N054/Z/23/24,niemiecki,B1,M8,Akademicki,"Język niemiecki, poziom B1 M8
German Language Level B1

więcej/details",mgr Jakubczyk Liv,"piątek/Friday
10:15-11:45"
6420-06H30-0SN-0003,N050/Z/23/24,niemiecki,A2,M6,Akademicki,"Język niemiecki, poziom A2 M6
German Language Level A2

więcej/details",mgr Günthör Olga,"piątek/Friday
12:15-13:45"
6420-05H30-0SN-0003,N047/Z/23/24,niemiecki,A2,M5,Akademicki,"Język niemiecki, poziom A2 M5
German Language Level A2

więcej/details",mgr Hołda Adam,"piątek/Friday
12:15-13:45"
6420-03H30-0SN-0001,N032/Z/23/24,niemiecki,A1,M3,Akademicki,"Język niemiecki, poziom A1 M3
German Language Level A1

więcej/details",mgr Walczak - Popek Katarzyna,"poniedziałek/Monday
10:15-11:45"
6420-02H30-0SN-0001,N026/Z/23/24,niemiecki,A1,M2,Akademicki,"Język niemiecki, poziom A1 M2
German Language Level A1

więcej/details",mgr Walczak - Popek Katarzyna,"środa/Wednesday
10:15-11:45"
6420-01H30-0SN-0001,N017/Z/23/24,niemiecki,A1,M1,Akademicki,"Język niemiecki dla poczatkujących, poziom A1 M1
German Language Level A1

więcej/details",mgr Walczak - Popek Katarzyna,"czwartek/Thursday
10:15-11:45"
6420-02H30-0SN-0001,N020/Z/23/24,niemiecki,A1,M2,Akademicki,"Język niemiecki, poziom A1 M2
German Language Level A1

więcej/details",mgr Tabaczyńska Ewa,"poniedziałek/Monday
08:30-10:00"
6420-02H30-0SN-0001,N021/Z/23/24,niemiecki,A1,M2,Akademicki,"Język niemiecki, poziom A1 M2
German Language Level A1

więcej/details",mgr Morgiewicz Szymon,"poniedziałek/Monday
10:15-11:45"
6420-05H30-0SN-0003,N044/Z/23/24,niemiecki,A2,M5,Akademicki,"Język niemiecki, poziom A2 M5
German Language Level A2

więcej/details",mgr Hołda Adam,"poniedziałek/Monday
12:15-13:45"
6420-01H30-0SN-0001,N002/Z/23/24,niemiecki,A1,M1,Akademicki,"Język niemiecki dla poczatkujących, poziom A1 M1
German Language Level A1

więcej/details",mgr Günthör Olga,"poniedziałek/Monday
12:15-13:45"
6420-02H30-0SN-0001,N022/Z/23/24,niemiecki,A1,M2,Akademicki,"Język niemiecki, poziom A1 M2
German Language Level A1

więcej/details",mgr Günthör Olga,"poniedziałek/Monday
14:15-15:45"
6420-03H30-0SN-0001,N033/Z/23/24,niemiecki,A1,M3,Akademicki,"Język niemiecki, poziom A1 M3
German Language Level A1

więcej/details",dr Bruncz Dariusz,"poniedziałek/Monday
16:15-17:45"
6420-06H30-0SN-0003,N049/Z/23/24,niemiecki,A2,M6,Akademicki,"Język niemiecki, poziom A2 M6
German Language Level A2

więcej/details",dr Bruncz Dariusz,"poniedziałek/Monday
18:15-19:45"
6420-02H30-0SN-0001,N024/Z/23/24,niemiecki,A1,M2,Akademicki,"Język niemiecki, poziom A1 M2
German Language Level A1

więcej/details",mgr Morgiewicz Szymon,"wtorek/Tuesday
08:30-10:00"
6420-02H30-0SN-0001,N025/Z/23/24,niemiecki,A1,M2,Akademicki,"Język niemiecki, poziom A1 M2
German Language Level A1

więcej/details",mgr Walczak - Popek Katarzyna,"wtorek/Tuesday
10:15-11:45"
6420-01H30-0SN-0001,N005/Z/23/24,niemiecki,A1,M1,Akademicki,"Język niemiecki dla poczatkujących, poziom A1 M1
German Language Level A1

więcej/details",mgr Walczak - Popek Katarzyna,"wtorek/Tuesday
12:15-13:45"
6420-01H30-0SN-0001,N006/Z/23/24,niemiecki,A1,M1,Akademicki,"Język niemiecki dla poczatkujących, poziom A1 M1
German Language Level A1

więcej/details",mgr Günthör Olga,"wtorek/Tuesday
14:15-15:45"
6420-0BH30-0SN-0007,N058/Z/23/24,niemiecki,B2,M11,Akademicki,"Język niemiecki, poziom B2 M11
German Language Level B2

więcej/details",dr Bruncz Dariusz,"wtorek/Tuesday
14:15-15:45"
6420-09H30-0SN-0005,N056/Z/23/24,niemiecki,B1,M9,Akademicki,"Język niemiecki, poziom B1 M9
German Language Level B1

więcej/details",mgr Hołda Adam,"wtorek/Tuesday
16:15-17:45"
6420-01H30-0SN-0001,N009/Z/23/24,niemiecki,A1,M1,Akademicki,"Język niemiecki, poziom A1 M1 dla początkujących
German Language Level A1

więcej/details",mgr Hołda Adam,"wtorek/Tuesday
18:15-19:45"
6420-01H30-0SN-0001,N010/Z/23/24,niemiecki,A1,M1,Akademicki,"Język niemiecki dla poczatkujących, poziom A1 M1
German Language Level A1

więcej/details",mgr Mizak-Witkowska Renata,"środa/Wednesday
08:30-10:00"
6420-01H30-0SN-0001,N011/Z/23/24,niemiecki,A1,M1,Akademicki,"Język niemiecki dla poczatkujących, poziom A1 M1
German Language Level A1

więcej/details",mgr Morgiewicz Szymon,"środa/Wednesday
12:15-13:45"
6420-01H30-0SN-0001,N012/Z/23/24,niemiecki,A1,M1,Akademicki,"Język niemiecki dla poczatkujących, poziom A1 M1
German Language Level A1

więcej/details",mgr Günthör Olga,"środa/Wednesday
14:15-15:45"
6420-05H30-0SN-0003,N046/Z/23/24,niemiecki,A2,M5,Akademicki,"Język niemiecki, poziom A2 M5
German Language Level A2

więcej/details",mgr Morgiewicz Szymon,"środa/Wednesday
16:15-17:45"
6420-01H30-0SN-0001,N014/Z/23/24,niemiecki,A1,M1,Akademicki,"Język niemiecki dla poczatkujących, poziom A1 M1
German Language Level A1

więcej/details",mgr Łoda Adam,"czwartek/Thursday
08:30-10:00"
6420-01H30-0SN-0001,N016/Z/23/24,niemiecki,A1,M1,Akademicki,"Język niemiecki dla poczatkujących, poziom A1 M1
German Language Level A1

więcej/details",mgr Łoda Adam,"czwartek/Thursday
10:15-11:45"
6420-04H30-0SN-0003,N043/Z/23/24,niemiecki,A2,M4,Akademicki,"Język niemiecki, poziom A2 M4
German Language Level A2

więcej/details",dr Bruncz Dariusz,"czwartek/Thursday
12:15-13:45"
6420-0CH30-0SN-0007,N059/Z/23/24,niemiecki,B2,M12,Akademicki,"Język niemiecki, poziom B2 M12
German Language Level B2

więcej/details",mgr Hołda Adam,"czwartek/Thursday
16:15-17:45"
6420-03H30-0SN-0001,N038/Z/23/24,niemiecki,A1,M3,Akademicki,"Język niemiecki, poziom A1 M3
German Language Level A1

więcej/details",mgr Hołda Adam,"czwartek/Thursday
18:15-19:45"
6420-02H30-0SN-0001,N030/Z/23/24,niemiecki,A1,M2,Akademicki,"Język niemiecki, poziom A1 M2
German Language Level A1

więcej/details",mgr Jakubczyk Liv,"piątek/Friday
08:30-10:00"
6420-01H30-0SN-0001,N018/Z/23/24,niemiecki,A1,M1,Akademicki,"Język niemiecki dla początkujących, poziom A1 M1
German Language Level A1

więcej/details",mgr Günthör Olga,"piątek/Friday
10:15-11:45"
6420-02H30-0SN-0001,N031/Z/23/24,niemiecki,A1,M2,Akademicki,"Język niemiecki, poziom A1 M2
German Language Level A1

więcej/details",mgr Hołda Adam,"piątek/Friday
10:15-11:45"
6420-01H30-0SN-0001,N019/Z/23/24,niemiecki,A1,M1,Akademicki,"Język niemiecki dla poczatkujących, poziom A1 M1
German Language Level A1

więcej/details",mgr Jakubczyk Liv,"piątek/Friday
12:15-13:45"
6420-01H30-0SN-0001,N001/Z/23/24,niemiecki,A1,M1,Akademicki,"Język niemiecki dla poczatkujących, poziom A1 M1
German Language Level A1

więcej/details",mgr Walczak - Popek Katarzyna,"poniedziałek/Monday
08:30-10:00"
6420-04H30-0SN-0003,N041/Z/23/24,niemiecki,A2,M4,Akademicki,"Język niemiecki, poziom A2 M4
German Language Level A2

więcej/details",mgr Walczak - Popek Katarzyna,"środa/Wednesday
08:30-10:00"
6420-01H30-0SN-0001,N015/Z/23/24,niemiecki,A1,M1,Akademicki,"Język niemiecki dla poczatkujących, poziom A1 M1
German Language Level A1

więcej/details",mgr Walczak - Popek Katarzyna,"czwartek/Thursday
08:30-10:00"
6420-03H30-0SF-0001,F013/Z/23/24,francuski,A1,M3,Akademicki,"Język francuski, poziom A1 M3
French Language Level A1

więcej/details",mgr Leśniewska Anna,"poniedziałek/Monday
10:15-11:45"
6420-01H30-0SF-0001,F002/Z/23/24,francuski,A1,M1,Akademicki,"Język francuski dla poczatkujących, poziom A1 M1
French Language Level A1

więcej/details",dr Marchel Katarzyna,"wtorek/Tuesday
08:30-10:00"
6420-01H30-0SF-0001,F003/Z/23/24,francuski,A1,M1,Akademicki,"Język francuski dla poczatkujących, poziom A1 M1
French Language Level A1

więcej/details",mgr Leśniewska Anna,"wtorek/Tuesday
12:15-13:45"
6420-02H30-0SF-0001,F010/Z/23/24,francuski,A1,M2,Akademicki,"Język francuski, poziom A1 M2
French Language Level A1

więcej/details",mgr Czarnecki Piotr,"wtorek/Tuesday
16:15-17:45"
6420-03H30-0SF-0001,F014/Z/23/24,francuski,A1,M3,Akademicki,"Język francuski, poziom A1 M3
French Language Level A1

więcej/details",dr Marchel Katarzyna,"środa/Wednesday
10:15-11:45"
6420-01H30-0SF-0001,F007/Z/23/24,francuski,A1,M1,Akademicki,"Język francuski dla poczatkujących, poziom A1 M1
French Language Level A1

więcej/details",dr Marchel Katarzyna,"środa/Wednesday
12:15-13:45"
6420-06H30-0SF-0005,F017/Z/23/24,francuski,A2,M6,Akademicki,"Język francuski, poziom A2 M6
French Language Level A2

więcej/details",mgr Czarnecki Piotr,"środa/Wednesday
16:15-17:45"
6420-04H30-0SF-0003,F015/Z/23/24,francuski,A2,M4,Akademicki,"Język francuski, poziom A2 M4
French Language Level A2

więcej/details",mgr Leśniewska Anna,"czwartek/Thursday
10:15-11:45"
6420-02H30-0SF-0001,F012/Z/23/24,francuski,A1,M2,Akademicki,"Język francuski, poziom A1 M2
French Language Level A1

więcej/details",dr Marchel Katarzyna,"piątek/Friday
08:30-10:00"
6420-01H30-0SF-0001,F009/Z/23/24,francuski,A1,M1,Akademicki,"Język francuski dla początkujących, poziom A1 M1
French Language Level A1

więcej/details",dr Marchel Katarzyna,"piątek/Friday
12:15-13:45"
6420-01H30-0SF-0001,F001/Z/23/24,francuski,A1,M1,Akademicki,"Język francuski dla poczatkujących, poziom A1 M1
French Language Level A1

więcej/details",mgr Leśniewska Anna,"poniedziałek/Monday
12:15-13:45"
6420-05H30-0SF-0003,F016/Z/23/24,francuski,A2,M5,Akademicki,"Język francuski, poziom A2 M5
French Language Level A2

więcej/details",mgr Leśniewska Anna,"wtorek/Tuesday
10:15-11:45"
6420-01H30-0SF-0001,F004/Z/23/24,francuski,A1,M1,Akademicki,"Język francuski dla poczatkujących, poziom A1 M1
French Language Level A1

więcej/details",mgr Leśniewska Anna,"wtorek/Tuesday
14:15-15:45"
6420-01H30-0SF-0001,F005/Z/23/24,francuski,A1,M1,Akademicki,"Język francuski dla poczatkujących, poziom A1 M1
French Language Level A1

więcej/details",dr Marchel Katarzyna,"środa/Wednesday
08:30-10:00"
6420-01H30-0SF-0001,F006/Z/23/24,francuski,A1,M1,Akademicki,"Język francuski dla poczatkujących, poziom A1 M1
French Language Level A1

więcej/details",mgr Leśniewska Anna,"środa/Wednesday
10:15-11:45"
6420-02H30-0SF-0001,F011/Z/23/24,francuski,A1,M2,Akademicki,"Język francuski, poziom A1 M2
French Language Level A1

więcej/details",mgr Leśniewska Anna,"środa/Wednesday
12:15-13:45"
6420-08H30-0SF-0005,F018/Z/23/24,francuski,B1,M8,Akademicki,"Język francuski, poziom B1 M8
French Language Level B1

więcej/details",mgr Czarnecki Piotr,"środa/Wednesday
18:15-19:45"
6420-01H30-0SF-0001,F019/Z/23/24,francuski,A1,M1,Akademicki,"Język francuski dla poczatkujących, poziom A1 M1
French Language Level A1

więcej/details",mgr Leśniewska Anna,"czwartek/Thursday
12:15-13:45"
6420-01H30-0SF-0001,F008/Z/23/24,francuski,A1,M1,Akademicki,"Język francuski dla poczatkujących, poziom A1 M1
French Language Level A1

więcej/details",dr Marchel Katarzyna,"piątek/Friday
10:15-11:45"
6420-01H30-0SW-0001,W001/Z/23/24,włoski,A1,M1,Akademicki,"Język włoski dla poczatkujących, poziom A1 M1
Italian Language Level A1

więcej/details",mgr Nowak-Psiuk Natalia,"poniedziałek/Monday
14:15-15:45"
6420-01H30-0SW-0001,W003/Z/23/24,włoski,A1,M1,Akademicki,"Język włoski dla poczatkujących, poziom A1 M1
Italian Language Level A1

więcej/details",mgr Kopacz Paulina,"wtorek/Tuesday
08:30-10:00"
6420-01H30-0SW-0001,W004/Z/23/24,włoski,A1,M1,Akademicki,"Język włoski dla poczatkujących, poziom A1 M1
Italian Language Level A1

więcej/details",mgr Kopacz Paulina,"wtorek/Tuesday
10:15-11:45"
6420-01H30-0SW-0001,W006/Z/23/24,włoski,A1,M1,Akademicki,"Język włoski dla poczatkujących, poziom A1 M1
Italian Language Level A1

więcej/details",mgr Turowska Magda,"środa/Wednesday
10:15-11:45"
6420-03H30-0SW-0001,W020/Z/23/24,włoski,A1,M3,Akademicki,"Język włoski, poziom A1 M3
Italian Language Level A1

więcej/details",mgr Turowska Magda,"środa/Wednesday
12:15-13:45"
6420-01H30-0SW-0001,W007/Z/23/24,włoski,A1,M1,Akademicki,"Język włoski dla początkujących, poziom A1 M1
Italian Language Level A1

więcej/details",mgr Kopacz Paulina,"środa/Wednesday
12:15-13:45"
6420-02H30-0SW-0001,W018/Z/23/24,włoski,A1,M2,Akademicki,"Język włoski, poziom A1 M2
Italian Language Level A1

więcej/details",mgr Turowska Magda,"czwartek/Thursday
08:30-10:00"
6420-01H30-0SW-0001,W010/Z/23/24,włoski,A1,M1,Akademicki,"Język włoski dla poczatkujących, poziom A1 M1
Italian Language Level A1

więcej/details",mgr Turowska Magda,"czwartek/Thursday
12:15-13:45"
6420-01H30-0SW-0001,W011/Z/23/24,włoski,A1,M1,Akademicki,"Język włoski dla poczatkujących, poziom A1 M1
Italian Language Level A1

więcej/details",mgr Turowska Magda,"piątek/Friday
10:15-11:45"
6420-01H30-0SW-0001,W013/Z/23/24,włoski,A1,M1,Akademicki,"Język włoski dla poczatkujących, poziom A1 M1
Italian Language Level A1

więcej/details",mgr Nowak-Psiuk Natalia,"piątek/Friday
14:15-15:45"
6420-01H30-0SW-0001,W002/Z/23/24,włoski,A1,M1,Akademicki,"Język włoski dla poczatkujących, poziom A1 M1
Italian Language Level A1

więcej/details",mgr Nowak-Psiuk Natalia,"poniedziałek/Monday
16:15-17:45"
6420-02H30-0SW-0001,W015/Z/23/24,włoski,A1,M2,Akademicki,"Język włoski, poziom A1 M2
Italian Language Level A1

więcej/details",mgr Nowak-Psiuk Natalia,"wtorek/Tuesday
10:15-11:45"
6420-01H30-0SW-0001,W005/Z/23/24,włoski,A1,M1,Akademicki,"Język włoski dla poczatkujących, poziom A1 M1
Italian Language Level A1

więcej/details",mgr Zawadzka Barbara,"wtorek/Tuesday
14:15-15:45"
6420-02H30-0SW-0001,W016/Z/23/24,włoski,A1,M2,Akademicki,"Język włoski, poziom A1 M2
Italian Language Level A1

więcej/details",mgr Kopacz Paulina,"środa/Wednesday
10:15-11:45"
6420-02H30-0SW-0001,W017/Z/23/24,włoski,A1,M2,Akademicki,"Język włoski, poziom A1 M2
Italian Language Level A1

więcej/details",mgr Zawadzka Barbara,"środa/Wednesday
12:15-13:45"
6420-01H30-0SW-0001,W008/Z/23/24,włoski,A1,M1,Akademicki,"Język włoski dla początkujących, poziom A1 M1
Italian Language Level A1

więcej/details",mgr Kopacz Paulina,"środa/Wednesday
14:15-15:45"
6420-01H30-0SW-0001,W009/Z/23/24,włoski,A1,M1,Akademicki,"Język włoski dla poczatkujących, poziom A1 M1
Italian Language Level A1

więcej/details",mgr Turowska Magda,"czwartek/Thursday
10:15-11:45"
6420-02H30-0SW-0001,W019/Z/23/24,włoski,A1,M2,Akademicki,"Język włoski, poziom A1 M2
Italian Language Level A1

więcej/details",mgr Turowska Magda,"piątek/Friday
08:30-10:00"
6420-01H30-0SW-0001,W012/Z/23/24,włoski,A1,M1,Akademicki,"Język włoski dla poczatkujących, poziom A1 M1
Italian Language Level A1

więcej/details",mgr Turowska Magda,"piątek/Friday
12:15-13:45"
6420-01H30-0SW-0001,W014/Z/23/24,włoski,A1,M1,Akademicki,"Język włoski dla poczatkujących, poziom A1 M1
Italian Language Level A1

więcej/details",mgr Nowak-Psiuk Natalia,"piątek/Friday
16:15-17:45"
6420-00H30-0SP-0003,P013/Z/23/24,polski,A2,,Ogólny,"Język polski, poziom A2
Polish Language Level A2

więcej/details",mgr Szpak Marta,"poniedziałek/Monday
08:30-10:00"
6420-01H30-0SP-001,P003/Z/23/24,polski,A1,M1,Ogólny,"Język polski, poziom A1 M1
Polish Language Level A1

więcej/details",brak,"wtorek/Tuesday
08:30-10:00"
6420-12H30-0SP-001,P010/Z/23/24,polski,A1,M1/2,Ogólny,"Język polski, poziom A1 M1/2
Polish Language Level A1

więcej/details",mgr Aneta Kamińska,"wtorek/Tuesday
16:15-17:45


czwartek / Thursday
16:15-17:45"
6420-01H30-0SP-001,P002/Z/23/24,polski,A1,M1,Ogólny,"Język polski, poziom A1 M1
Polish Language Level A1

więcej/details",brak,"środa/Wednesday
14:15-15:45"
6420-02H30-0SP-001,P005/Z/23/24,polski,A1,M2,Ogólny,"Język polski, poziom A1 M2
Polish Language Level A1

więcej/details",mgr Aneta Kamińska,"środa/Wednesday
16:15-17:45"
6420-03H30-0SP-001,P006/Z/23/24,polski,A1,M3,Ogólny,"Język polski, poziom A1 M3
Polish Language Level A1

więcej/details",mgr Szpak Marta,"czwartek/Thursday
10:15-11:45"
6420-01H30-0SP-001,P012/Z/23/24,polski,A1,M1,Ogólny,"Język polski, poziom A1 M1
Polish Language Level A1

więcej/details",mgr Szpak Marta,"piątek/Friday
10:15-11:45"
6420-01H30-0SP-001,P001/Z/23/24,polski,A1,M1,Ogólny,"Język polski, poziom A1 M1
Polish Language Level A1

więcej/details",brak,"poniedziałek/Monday
16:15-17:45"
6420-12H30-0SP-001,P011/Z/23/24,polski,A1,M1/2,Ogólny,"Język polski, poziom A1 M1/2
Polish Language Level A1

więcej/details",mgr Nowak-Psiuk Natalia,"wtorek/Tuesday
14:30-16:00


piątek / Friday
12:15-13:45"
6420-02H30-0SP-001,P004/Z/23/24,polski,A1,M2,Ogólny,"Język polski, poziom A1 M2
Polish Language Level A1

więcej/details",mgr Szpak Marta,"środa/Wednesday
10:15-11:45"
6420-0AH30-0SP-0007,P009/Z/23/24,polski,B2,,Ogólny,"Język polski, poziom B2
Polish Language Level B2

więcej/details",mgr Dunaj Andrzej,"środa/Wednesday
16:15-17:45"
6420-04H30-0SP-001,P007/Z/23/24,polski,A1,M4,Ogólny,"Język polski, poziom A1 M4
Polish Language Level A1

więcej/details",mgr Szpak Marta,"czwartek/Thursday
08:30-10:00"
6420-05H30-0SP-001,P008/Z/23/24,polski,A1,M5,Ogólny,"Język polski, poziom A1 M5
Polish Language Level A1

więcej/details",mgr Szpak Marta,"czwartek/Thursday
14:15-15:45"
6420-01H30-0SR-0001,R001/Z/23/24,rosyjski,A1,M1,Akademicki,"Język rosyjski dla poczatkujących, poziom A1 M1
Russian Language Level A1

więcej/details",mgr Jakubowska Agnieszka,"poniedziałek/Monday
08:30-10:00"
6420-03H30-0SR-0001,R019/Z/23/24,rosyjski,A1,M3,Akademicki,"Język rosyjski, poziom A1 M3
Russian Language Level A1

więcej/details",mgr Dunaj Andrzej,"poniedziałek/Monday
12:15-13:45"
6420-01H30-0SR-0001,R010/Z/23/24,rosyjski,A1,M1,Akademicki,"Język rosyjski dla poczatkujących, poziom A1 M1
Russian Language Level A1

więcej/details",brak,"poniedziałek/Monday
18:15-19:45"
6420-01H30-0SR-0001,R004/Z/23/24,rosyjski,A1,M1,Akademicki,"Język rosyjski dla poczatkujących, poziom A1 M1
Russian Language Level A1

więcej/details",mgr Jakubowska Agnieszka,"wtorek/Tuesday
10:15-11:45"
6420-01H30-0SR-0001,R022/Z/23/24,rosyjski,A1,M1,Akademicki,"Język rosyjski dla poczatkujących, poziom A1 M1
Russian Language Level A1

więcej/details",brak,"wtorek/Tuesday
16:15-17:45"
6420-01H30-0SR-0001,R023/Z/23/24,rosyjski,A1,M1,Akademicki,"Język rosyjski dla poczatkujących, poziom A1 M1
Russian Language Level A1

więcej/details",brak,"wtorek/Tuesday
18:15-19:45"
6420-01H30-0SR-0001,R006/Z/23/24,rosyjski,A1,M1,Akademicki,"Język rosyjski dla poczatkujących, poziom A1 M1
Russian Language Level A1

więcej/details",mgr Zawadzka Barbara,"środa/Wednesday
10:15-11:45"
6420-02H30-0SR-0001,R016/Z/23/24,rosyjski,A1,M2,Akademicki,"Język rosyjski, poziom A1 M2
Russian Language Level A1

więcej/details",mgr Dunaj Andrzej,"środa/Wednesday
12:15-13:45"
6420-02H30-0SR-0001,R024/Z/23/24,rosyjski,A1,M2,Akademicki,"Język rosyjski, poziom A1 M2
Russian Language Level A1

więcej/details",brak,"środa/Wednesday
16:15-17:45"
6420-01H30-0SR-0001,R009/Z/23/24,rosyjski,A1,M1,Akademicki,"Język rosyjski dla poczatkujących, poziom A1 M1
Russian Language Level A1

więcej/details",mgr Jakubowska Agnieszka,"czwartek/Thursday
08:30-10:00"
6420-02H30-0SR-0001,R018/Z/23/24,rosyjski,A1,M2,Akademicki,"Język rosyjski, poziom A1 M2
Russian Language Level A1

więcej/details",mgr Dunaj Andrzej,"czwartek/Thursday
14:15-15:45"
6420-03H30-0SR-0001,R020/Z/23/24,rosyjski,A1,M3,Akademicki,"Język rosyjski, poziom A1 M3
Russian Language Level A1

więcej/details",mgr Zawadzka Barbara,"piątek/Friday
10:15-11:45"
6420-01H30-0SR-0001,R002/Z/23/24,rosyjski,A1,M1,Akademicki,"Język rosyjski dla poczatkujących, poziom A1 M1
Russian Language Level A1

więcej/details",mgr Jakubowska Agnieszka,"poniedziałek/Monday
10:15-11:45"
6420-02H30-0SR-0001,R012/Z/23/24,rosyjski,A1,M2,Akademicki,"Język rosyjski, poziom A1 M2
Russian Language Level A1

więcej/details",mgr Dunaj Andrzej,"poniedziałek/Monday
14:15-15:45"
6420-01H30-0SR-0001,R003/Z/23/24,rosyjski,A1,M1,Akademicki,"Język rosyjski dla poczatkujących, poziom A1 M1
Russian Language Level A1

więcej/details",mgr Jakubowska Agnieszka,"wtorek/Tuesday
08:30-10:00"
6420-02H30-0SR-0001,R014/Z/23/24,rosyjski,A1,M2,Akademicki,"Język rosyjski, poziom A1 M2
Russian Language Level A1

więcej/details",mgr Zawadzka Barbara,"wtorek/Tuesday
12:15-13:45"
6420-BCH60-0SR-0008,R021/Z/23/24,rosyjski,B2,M11/12,Ogólny,"Język rosyjski, poziom B2 M11/12
Russian Language Level B2

więcej/details",mgr Dunaj Andrzej,"wtorek/Tuesday
16:15-17:45


czwartek / Thursday
16:15-17:45"
6420-01H30-0SR-0001,R005/Z/23/24,rosyjski,A1,M1,Akademicki,"Język rosyjski dla poczatkujących, poziom A1 M1
Russian Language Level A1

więcej/details",mgr Jakubowska Agnieszka,"środa/Wednesday
08:30-10:00"
6420-02H30-0SR-0001,R015/Z/23/24,rosyjski,A1,M2,Akademicki,"Język rosyjski, poziom A1 M2
Russian Language Level A1

więcej/details",mgr Jakubowska Agnieszka,"środa/Wednesday
10:15-11:45"
6420-01H30-0SR-0001,R007/Z/23/24,rosyjski,A1,M1,Akademicki,"Język rosyjski dla poczatkujących, poziom A1 M1
Russian Language Level A1

więcej/details",mgr Zawadzka Barbara,"środa/Wednesday
14:15-15:45"
6420-01H30-0SR-0001,R008/Z/23/24,rosyjski,A1,M1,Akademicki,"Język rosyjski dla poczatkujących, poziom A1 M1
Russian Language Level A1

więcej/details",brak,"środa/Wednesday
18:15-19:45"
6420-02H30-0SR-0001,R017/Z/23/24,rosyjski,A1,M2,Akademicki,"Język rosyjski, poziom A1 M2
Russian Language Level A1

więcej/details",mgr Jakubowska Agnieszka,"czwartek/Thursday
10:15-11:45"
6420-01H30-0SR-0001,R011/Z/23/24,rosyjski,A1,M1,Akademicki,"Język rosyjski dla poczatkujących, poziom A1 M1
Russian Language Level A1

więcej/details",mgr Zawadzka Barbara,"piątek/Friday
08:30-10:00"
6420-01H30-0SR-0001,R013/Z/23/24,rosyjski,A1,M1,Akademicki,"Język rosyjski, poziom A1 M1
Russian Language Level A1

więcej/details",mgr Zawadzka Barbara,"piątek/Friday
12:15-13:45"
6420-04H30-0SH-0003,H027/Z/23/24,hiszpański,A2,M4,Akademicki,"Język hiszpański, poziom A2 M4
Spanish Language Level A2

więcej/details",mgr Szczepek Maria,"poniedziałek/Monday
08:30-10:00"
6420-01H30-0SH-0001,H002/Z/23/24,hiszpański,A1,M1,Akademicki,"Język hiszpański dla poczatkujących, poziom A1 M1
Spanish Language Level A1

więcej/details",mgr Wronka Piotr,"poniedziałek/Monday
10:15-11:45"
6420-02H30-0SH-0001,H017/Z/23/24,hiszpański,A1,M2,Akademicki,"Język hiszpański, poziom A1 M2
Spanish Language Level A1

więcej/details",mgr Szczepek Maria,"poniedziałek/Monday
12:15-13:45"
6420-01H30-0SH-0001,H004/Z/23/24,hiszpański,A1,M1,Akademicki,"Język hiszpański dla poczatkujących, poziom A1 M1
Spanish Language Level A1

więcej/details",mgr Szczepek Maria,"wtorek/Tuesday
10:15-11:45"
6420-01H30-0SH-0001,H005/Z/23/24,hiszpański,A1,M1,Akademicki,"Język hiszpański dla poczatkujących, poziom A1 M1
Spanish Language Level A1

więcej/details",mgr Zarajczyk Ilona,"wtorek/Tuesday
12:15-13:45"
6420-05H30-0SH-0003,H028/Z/23/24,hiszpański,A2,M5,Akademicki,"Język hiszpański, poziom A2 M5
Spanish Language Level A2

więcej/details",mgr Cano Saul,"wtorek/Tuesday
14:15-15:45"
6420-01H30-0SH-0001,H006/Z/23/24,hiszpański,A1,M1,Akademicki,"Język hiszpański dla poczatkujących, poziom A1 M1
Spanish Language Level A1

więcej/details",mgr Cano Saul,"wtorek/Tuesday
18:15-19:45"
6420-03H30-0SH-0001,H025/Z/23/24,hiszpański,A1,M3,Akademicki,"Język hiszpański, poziom A1 M3
Spanish Language Level A1

więcej/details",mgr Zarajczyk Ilona,"środa/Wednesday
08:30-10:00"
6420-01H30-0SH-0001,H008/Z/23/24,hiszpański,A1,M1,Akademicki,"Język hiszpański dla początkujących, poziom A1 M1
Spanish Language Level A1

więcej/details",mgr Szczepek Maria,"środa/Wednesday
10:15-11:45"
6420-03H30-0SH-0001,H026/Z/23/24,hiszpański,A1,M3,Akademicki,"Język hiszpański, poziom A1 M3
Spanish Language Level A1

więcej/details",mgr Cano Saul,"środa/Wednesday
14:15-15:45"
6420-08H30-0SH-0006,H031/Z/23/24,hiszpański,B1,M8,Akademicki,"Język hiszpański, poziom B1 M8
Spanish Language Level B1

więcej/details",mgr Cano Saul,"środa/Wednesday
18:15-19:45"
6420-01H30-0SH-0001,H010/Z/23/24,hiszpański,A1,M1,Akademicki,"Język hiszpański dla początkujących, poziom A1 M1
Spanish Language Level A1

więcej/details",mgr Zarajczyk Ilona,"czwartek/Thursday
12:15-13:45"
6420-01H30-0SH-0001,H012/Z/23/24,hiszpański,A1,M1,Akademicki,"Język hiszpański dla początkujących, poziom A1 M1
Spanish Language Level A1

więcej/details",mgr Cano Saul,"czwartek/Thursday
16:15-17:45"
6420-01H30-0SH-0001,H013/Z/23/24,hiszpański,A1,M1,Akademicki,"Język hiszpański dla początkujących, poziom A1 M1
Spanish Language Level A1

więcej/details",mgr Wronka Piotr,"piątek/Friday
08:30-10:00"
6420-02H30-0SH-0001,H023/Z/23/24,hiszpański,A1,M2,Akademicki,"Język hiszpański, poziom A1 M2
Spanish Language Level A1

więcej/details",mgr Czarnecki Piotr,"piątek/Friday
08:30-10:00"
6420-01H30-0SH-0001,H015/Z/23/24,hiszpański,A1,M1,Akademicki,"Język hiszpański dla początkujących, poziom A1 M1
Spanish Language Level A1

więcej/details",mgr Czarnecki Piotr,"piątek/Friday
12:15-13:45"
6420-01H30-0SH-0001,H001/Z/23/24,hiszpański,A1,M1,Akademicki,"Język hiszpański dla poczatkujących, poziom A1 M1
Spanish Language Level A1

więcej/details",mgr Wronka Piotr,"poniedziałek/Monday
08:30-10:00"
6420-02H30-0SH-0001,H016/Z/23/24,hiszpański,A1,M2,Akademicki,"Język hiszpański, poziom A1 M2
Spanish Language Level A1

więcej/details",mgr Szczepek Maria,"poniedziałek/Monday
10:15-11:45"
6420-01H30-0SH-0001,H003/Z/23/24,hiszpański,A1,M1,Akademicki,"Język hiszpański dla poczatkujących, poziom A1 M1
Spanish Language Level A1

więcej/details",mgr Szczepek Maria,"wtorek/Tuesday
08:30-10:00"
6420-02H30-0SH-0001,H018/Z/23/24,hiszpański,A1,M2,Akademicki,"Język hiszpański, poziom A1 M2
Spanish Language Level A1

więcej/details",mgr Zarajczyk Ilona,"wtorek/Tuesday
10:15-11:45"
6420-02H30-0SH-0001,H019/Z/23/24,hiszpański,A1,M2,Akademicki,"Język hiszpański, poziom A1 M2
Spanish Language Level A1

więcej/details",mgr Czarnecki Piotr,"wtorek/Tuesday
14:15-15:45"
6420-07H30-0SH-0006,H030/Z/23/24,hiszpański,B1,M7,Akademicki,"Język hiszpański, poziom B1 M7
Spanish Language Level B1

więcej/details",mgr Cano Saul,"wtorek/Tuesday
16:15-17:45"
6420-01H30-0SH-0001,H007/Z/23/24,hiszpański,A1,M1,Akademicki,"Język hiszpański dla poczatkujących, poziom A1 M1
Spanish Language Level A1

więcej/details",mgr Szczepek Maria,"środa/Wednesday
08:30-10:00"
6420-02H30-0SH-0001,H020/Z/23/24,hiszpański,A1,M2,Akademicki,"Język hiszpański, poziom A1 M2
Spanish Language Level A1

więcej/details",mgr Zarajczyk Ilona,"środa/Wednesday
10:15-11:45"
6420-01H30-0SH-0001,H009/Z/23/24,hiszpański,A1,M1,Akademicki,"Język hiszpański dla początkujących, poziom A1 M1
Spanish Language Level A1

więcej/details",mgr Zarajczyk Ilona,"środa/Wednesday
12:15-13:45"
6420-06H30-0SH-0003,H029/Z/23/24,hiszpański,A2,M6,Akademicki,"Język hiszpański, poziom A2 M6
Spanish Language Level A2

więcej/details",mgr Cano Saul,"środa/Wednesday
16:15-17:45"
6420-02H30-0SH-0001,H021/Z/23/24,hiszpański,A1,M2,Akademicki,"Język hiszpański, poziom A1 M2
Spanish Language Level A1

więcej/details",mgr Zarajczyk Ilona,"czwartek/Thursday
10:15-11:45"
6420-01H30-0SH-0001,H011/Z/23/24,hiszpański,A1,M1,Akademicki,"Język hiszpański dla początkujących, poziom A1 M1
Spanish Language Level A1

więcej/details",mgr Zarajczyk Ilona,"czwartek/Thursday
14:15-15:45"
6420-02H30-0SH-0001,H022/Z/23/24,hiszpański,A1,M2,Akademicki,"Język hiszpański, poziom A1 M2
Spanish Language Level A1

więcej/details",mgr Cano Saul,"czwartek/Thursday
18:15-19:45"
6420-02H30-0SH-0001,H024/Z/23/24,hiszpański,A1,M2,Akademicki,"Język hiszpański, poziom A1 M2
Spanish Language Level A1

więcej/details",mgr Wronka Piotr,"piątek/Friday
10:15-11:45"
6420-01H30-0SH-0001,H014/Z/23/24,hiszpański,A1,M1,Akademicki,"Język hiszpański dla początkujących, poziom A1 M1
Spanish Language Level A1

więcej/details",mgr Czarnecki Piotr,"piątek/Friday
10:15-11:45"
6420-01H30-0SC-0001,Ch001/Z/23/24,chiński,A1,M1,Akademicki,"Język chiński dla poczatkujących, poziom A1 M1
Chinese Language Level A1

więcej/details",mgr Teodorowicz Krzysztof,"wtorek/Tuesday
14:15-15:45"
6420-02H30-0SC-0001,Ch006/Z/23/24,chiński,A1,M2,Akademicki,"Język chiński, poziom A1 M2
Chinese Language Level A1

więcej/details",mgr Teodorowicz Krzysztof,"środa/Wednesday
14:15-15:45"
6420-01H30-0SC-0001,Ch004/Z/23/24,chiński,A1,M1,Akademicki,"Język chiński dla poczatkujących, poziom A1 M1
Chinese Language Level A1

więcej/details",mgr Teodorowicz Krzysztof,"czwartek/Thursday
14:15-15:45"
6420-01H30-0SC-0001,Ch002/Z/23/24,chiński,A1,M1,Akademicki,"Język chiński dla poczatkujących, poziom A1 M1
Chinese Language Level A1

więcej/details",mgr Teodorowicz Krzysztof,"wtorek/Tuesday
16:15-17:45"
6420-01H30-0SC-0001,Ch003/Z/23/24,chiński,A1,M1,Akademicki,"Język chiński dla poczatkujących, poziom A1 M1
Chinese Language Level A1

więcej/details",mgr Teodorowicz Krzysztof,"środa/Wednesday
16:15-17:45"
6420-01H30-0SC-0001,Ch005/Z/23/24,chiński,A1,M1,Akademicki,"Język chiński dla poczatkujących, poziom A1 M1
Chinese Language Level A1

więcej/details",mgr Teodorowicz Krzysztof,"czwartek/Thursday
16:15-17:45"
6420-02H30-0SJ-0001,J004/Z/23/24,japoński,A1,M2,Akademicki,"Język japoński, poziom A1 M2
Japanese Language Level A1

więcej/details",mgr Strebeyko Ewa,"poniedziałek/Monday
14:15-15:45"
6420-01H30-0SJ-0001,J001/Z/23/24,japoński,A1,M1,Akademicki,"Język japoński dla poczatkujących, poziom A1 M1
Japanese Language Level A1

więcej/details",mgr Strebeyko Ewa,"wtorek/Tuesday
16:15-17:45"
6420-01H30-0SJ-0001,J002/Z/23/24,japoński,A1,M1,Akademicki,"Język japoński dla poczatkujących, poziom A1 M1
Japanese Language Level A1

więcej/details",mgr Strebeyko Ewa,"czwartek/Thursday
10:15-11:45"
6420-02H30-0SJ-0001,J005/Z/23/24,japoński,A1,M2,Akademicki,"Język japoński dla poczatkujących, poziom A1 M2
Japanese Language Level A1

więcej/details",mgr Strebeyko Ewa,"wtorek/Tuesday
14:15-15:45"
6420-03H30-0SJ-0001,J006/Z/23/24,japoński,A1,M3,Akademicki,"Język japoński, poziom A1 M3
Japanese Language Level A1

więcej/details",mgr Strebeyko Ewa,"środa/Wednesday
14:15-15:45"
6420-01H30-0SJ-0001,J003/Z/23/24,japoński,A1,M1,Akademicki,"Język japoński dla początkujących, poziom A1 M1
Japanese Language Level A1

więcej/details",mgr Strebeyko Ewa,"czwartek/Thursday
14:15-15:45"
6420-01H30-0ST-0001,T001/Z/23/24,koreański,A1,M1,Akademicki,"Język koreański dla początkujących, poziom A1 M1
Korean Language Level A1

więcej/details",mgr Truszkowska Natalia,"poniedziałek/Monday
10:15-11:45"
6420-01H30-0ST-0001,T003/Z/23/24,koreański,A1,M1,Akademicki,"Język koreański dla początkujących, poziom A1 M1
Korean Language Level A1

więcej/details",mgr Truszkowska Natalia,"czwartek/Thursday
12:15-13:45"
6420-01H30-0ST-0001,T002/Z/23/24,koreański,A1,M1,Akademicki,"Język koreański dla początkujących, poziom A1 M1
Korean Language Level A1

więcej/details",mgr Truszkowska Natalia,"poniedziałek/Monday
12:15-13:45"
6420-01H30-0SL-0001,L001/Z/23/24,niderlandzki,A1,M1,Akademicki,"Język niderlandzki dla początkujących, poziom A1 M1
Dutch Language Level A1

więcej/details",mgr Jawornicki Wiesław,"poniedziałek/Monday
16:15-17:45"
6420-02H30-0SL-0001,L004/Z/23/24,niderlandzki,A1,M2,Akademicki,"Język niderlandzki, poziom A1 M2
Dutch Language Level A1

więcej/details",mgr Jawornicki Wiesław,"środa/Wednesday
16:15-17:45"
6420-01H30-0SL-0001,L002/Z/23/24,niderlandzki,A1,M1,Akademicki,"Język niderlandzki dla poczatkujących, poziom A1 M1
Dutch Language Level A1

więcej/details",mgr Jawornicki Wiesław,"wtorek/Tuesday
16:15-17:45"
6420-01H30-0SL-0001,L003/Z/23/24,niderlandzki,A1,M1,Akademicki,"Język niderlandzki dla początkujących, poziom A1 M1
Dutch Language Level A1

więcej/details",mgr Jawornicki Wiesław,"czwartek/Thursday
16:15-17:45"
